<?xml version="1.0"?>
<measure>
  <schema_version>3.0</schema_version>
  <name>nrc_create_necb_prototype_building</name>
  <uid>3e9acd53-8602-4749-a655-7cbbe48e8b30</uid>
  <version_id>4f33ab2f-0b19-4860-8ada-ac0f5a5dcf17</version_id>
  <version_modified>20211224T141224Z</version_modified>
  <xml_checksum>2C38F48B</xml_checksum>
  <class_name>NrcCreateNECBPrototypeBuilding</class_name>
  <display_name>NrcCreateNECBPrototypeBuilding</display_name>
  <description>This measure creates an NECB prototype building from scratch and uses it as the base for an analysis.</description>
  <modeler_description>This will replace the model object with a brand new model. It effectively ignores the seed model. If there are 
	updated tables/formulas to those in the standard they can be sideloaded into the standard definition - this new data will
	then be used to create the model.
</modeler_description>
  <arguments>
    <argument>
      <name>template</name>
      <display_name>Template</display_name>
      <type>Choice</type>
      <required>true</required>
      <model_dependent>false</model_dependent>
      <default_value>NECB2017</default_value>
      <choices>
        <choice>
          <value>NECB2011</value>
          <display_name>NECB2011</display_name>
        </choice>
        <choice>
          <value>NECB2015</value>
          <display_name>NECB2015</display_name>
        </choice>
        <choice>
          <value>NECB2017</value>
          <display_name>NECB2017</display_name>
        </choice>
        <choice>
          <value>NECB2020</value>
          <display_name>NECB2020</display_name>
        </choice>
      </choices>
    </argument>
    <argument>
      <name>building_type</name>
      <display_name>Building Type</display_name>
      <type>Choice</type>
      <required>true</required>
      <model_dependent>false</model_dependent>
      <default_value>Warehouse</default_value>
      <choices>
        <choice>
          <value>SecondarySchool</value>
          <display_name>SecondarySchool</display_name>
        </choice>
        <choice>
          <value>PrimarySchool</value>
          <display_name>PrimarySchool</display_name>
        </choice>
        <choice>
          <value>SmallOffice</value>
          <display_name>SmallOffice</display_name>
        </choice>
        <choice>
          <value>MediumOffice</value>
          <display_name>MediumOffice</display_name>
        </choice>
        <choice>
          <value>LargeOffice</value>
          <display_name>LargeOffice</display_name>
        </choice>
        <choice>
          <value>SmallHotel</value>
          <display_name>SmallHotel</display_name>
        </choice>
        <choice>
          <value>LargeHotel</value>
          <display_name>LargeHotel</display_name>
        </choice>
        <choice>
          <value>Warehouse</value>
          <display_name>Warehouse</display_name>
        </choice>
        <choice>
          <value>RetailStandalone</value>
          <display_name>RetailStandalone</display_name>
        </choice>
        <choice>
          <value>RetailStripmall</value>
          <display_name>RetailStripmall</display_name>
        </choice>
        <choice>
          <value>QuickServiceRestaurant</value>
          <display_name>QuickServiceRestaurant</display_name>
        </choice>
        <choice>
          <value>FullServiceRestaurant</value>
          <display_name>FullServiceRestaurant</display_name>
        </choice>
        <choice>
          <value>MidriseApartment</value>
          <display_name>MidriseApartment</display_name>
        </choice>
        <choice>
          <value>HighriseApartment</value>
          <display_name>HighriseApartment</display_name>
        </choice>
        <choice>
          <value>Hospital</value>
          <display_name>Hospital</display_name>
        </choice>
        <choice>
          <value>Outpatient</value>
          <display_name>Outpatient</display_name>
        </choice>
      </choices>
    </argument>
    <argument>
      <name>epw_file</name>
      <display_name>Climate File</display_name>
      <type>Choice</type>
      <required>true</required>
      <model_dependent>false</model_dependent>
      <default_value>AB_Banff</default_value>
      <choices>
        <choice>
          <value>AB_Banff</value>
          <display_name>AB_Banff</display_name>
        </choice>
        <choice>
          <value>AB_Calgary</value>
          <display_name>AB_Calgary</display_name>
        </choice>
        <choice>
          <value>AB_Edmonton.Intl</value>
          <display_name>AB_Edmonton.Intl</display_name>
        </choice>
        <choice>
          <value>AB_Edmonton.Stony.Plain</value>
          <display_name>AB_Edmonton.Stony.Plain</display_name>
        </choice>
        <choice>
          <value>AB_Fort.McMurray</value>
          <display_name>AB_Fort.McMurray</display_name>
        </choice>
        <choice>
          <value>AB_Grande.Prairie</value>
          <display_name>AB_Grande.Prairie</display_name>
        </choice>
        <choice>
          <value>AB_Lethbridge</value>
          <display_name>AB_Lethbridge</display_name>
        </choice>
        <choice>
          <value>AB_Medicine.Hat</value>
          <display_name>AB_Medicine.Hat</display_name>
        </choice>
        <choice>
          <value>BC_Abbotsford</value>
          <display_name>BC_Abbotsford</display_name>
        </choice>
        <choice>
          <value>BC_Comox.Valley</value>
          <display_name>BC_Comox.Valley</display_name>
        </choice>
        <choice>
          <value>BC_Crankbrook-Canadian.Rockies</value>
          <display_name>BC_Crankbrook-Canadian.Rockies</display_name>
        </choice>
        <choice>
          <value>BC_Fort.St.John-North.Peace</value>
          <display_name>BC_Fort.St.John-North.Peace</display_name>
        </choice>
        <choice>
          <value>BC_Hope</value>
          <display_name>BC_Hope</display_name>
        </choice>
        <choice>
          <value>BC_Kamloops</value>
          <display_name>BC_Kamloops</display_name>
        </choice>
        <choice>
          <value>BC_Port.Hardy</value>
          <display_name>BC_Port.Hardy</display_name>
        </choice>
        <choice>
          <value>BC_Prince.George</value>
          <display_name>BC_Prince.George</display_name>
        </choice>
        <choice>
          <value>BC_Smithers</value>
          <display_name>BC_Smithers</display_name>
        </choice>
        <choice>
          <value>BC_Summerland</value>
          <display_name>BC_Summerland</display_name>
        </choice>
        <choice>
          <value>BC_Vancouver</value>
          <display_name>BC_Vancouver</display_name>
        </choice>
        <choice>
          <value>BC_Victoria</value>
          <display_name>BC_Victoria</display_name>
        </choice>
        <choice>
          <value>MB_Brandon.Muni</value>
          <display_name>MB_Brandon.Muni</display_name>
        </choice>
        <choice>
          <value>MB_The.Pas</value>
          <display_name>MB_The.Pas</display_name>
        </choice>
        <choice>
          <value>MB_Winnipeg-Richardson</value>
          <display_name>MB_Winnipeg-Richardson</display_name>
        </choice>
        <choice>
          <value>NB_Fredericton</value>
          <display_name>NB_Fredericton</display_name>
        </choice>
        <choice>
          <value>NB_Miramichi</value>
          <display_name>NB_Miramichi</display_name>
        </choice>
        <choice>
          <value>NB_Saint.John</value>
          <display_name>NB_Saint.John</display_name>
        </choice>
        <choice>
          <value>NL_Gander</value>
          <display_name>NL_Gander</display_name>
        </choice>
        <choice>
          <value>NL_Goose.Bay</value>
          <display_name>NL_Goose.Bay</display_name>
        </choice>
        <choice>
          <value>NL_St.Johns</value>
          <display_name>NL_St.Johns</display_name>
        </choice>
        <choice>
          <value>NL_Stephenville</value>
          <display_name>NL_Stephenville</display_name>
        </choice>
        <choice>
          <value>NS_CFB.Greenwood</value>
          <display_name>NS_CFB.Greenwood</display_name>
        </choice>
        <choice>
          <value>NS_CFB.Shearwater</value>
          <display_name>NS_CFB.Shearwater</display_name>
        </choice>
        <choice>
          <value>NS_Halifax</value>
          <display_name>NS_Halifax</display_name>
        </choice>
        <choice>
          <value>NS_Sable.Island.Natl.Park</value>
          <display_name>NS_Sable.Island.Natl.Park</display_name>
        </choice>
        <choice>
          <value>NS_Sydney-McCurdy</value>
          <display_name>NS_Sydney-McCurdy</display_name>
        </choice>
        <choice>
          <value>NS_Truro</value>
          <display_name>NS_Truro</display_name>
        </choice>
        <choice>
          <value>NS_Yarmouth</value>
          <display_name>NS_Yarmouth</display_name>
        </choice>
        <choice>
          <value>NT_Inuvik-Zubko</value>
          <display_name>NT_Inuvik-Zubko</display_name>
        </choice>
        <choice>
          <value>NT_Yellowknife</value>
          <display_name>NT_Yellowknife</display_name>
        </choice>
        <choice>
          <value>ON_Armstrong</value>
          <display_name>ON_Armstrong</display_name>
        </choice>
        <choice>
          <value>ON_CFB.Trenton</value>
          <display_name>ON_CFB.Trenton</display_name>
        </choice>
        <choice>
          <value>ON_Dryden</value>
          <display_name>ON_Dryden</display_name>
        </choice>
        <choice>
          <value>ON_London</value>
          <display_name>ON_London</display_name>
        </choice>
        <choice>
          <value>ON_Moosonee</value>
          <display_name>ON_Moosonee</display_name>
        </choice>
        <choice>
          <value>ON_Mount.Forest</value>
          <display_name>ON_Mount.Forest</display_name>
        </choice>
        <choice>
          <value>ON_North.Bay-Garland</value>
          <display_name>ON_North.Bay-Garland</display_name>
        </choice>
        <choice>
          <value>ON_Ottawa</value>
          <display_name>ON_Ottawa</display_name>
        </choice>
        <choice>
          <value>ON_Sault.Ste.Marie</value>
          <display_name>ON_Sault.Ste.Marie</display_name>
        </choice>
        <choice>
          <value>ON_Timmins.Power</value>
          <display_name>ON_Timmins.Power</display_name>
        </choice>
        <choice>
          <value>ON_Toronto</value>
          <display_name>ON_Toronto</display_name>
        </choice>
        <choice>
          <value>ON_Windsor</value>
          <display_name>ON_Windsor</display_name>
        </choice>
        <choice>
          <value>PE_Charlottetown</value>
          <display_name>PE_Charlottetown</display_name>
        </choice>
        <choice>
          <value>QC_Kuujjuaq</value>
          <display_name>QC_Kuujjuaq</display_name>
        </choice>
        <choice>
          <value>QC_Kuujuarapik</value>
          <display_name>QC_Kuujuarapik</display_name>
        </choice>
        <choice>
          <value>QC_Lac.Eon</value>
          <display_name>QC_Lac.Eon</display_name>
        </choice>
        <choice>
          <value>QC_Mont-Joli</value>
          <display_name>QC_Mont-Joli</display_name>
        </choice>
        <choice>
          <value>QC_Montreal-Mirabel</value>
          <display_name>QC_Montreal-Mirabel</display_name>
        </choice>
        <choice>
          <value>QC_Montreal-St-Hubert.Longueuil</value>
          <display_name>QC_Montreal-St-Hubert.Longueuil</display_name>
        </choice>
        <choice>
          <value>QC_Montreal-Trudeau</value>
          <display_name>QC_Montreal-Trudeau</display_name>
        </choice>
        <choice>
          <value>QC_Quebec</value>
          <display_name>QC_Quebec</display_name>
        </choice>
        <choice>
          <value>QC_Riviere-du-Loup</value>
          <display_name>QC_Riviere-du-Loup</display_name>
        </choice>
        <choice>
          <value>QC_Roberval</value>
          <display_name>QC_Roberval</display_name>
        </choice>
        <choice>
          <value>QC_Saguenay-Bagotville</value>
          <display_name>QC_Saguenay-Bagotville</display_name>
        </choice>
        <choice>
          <value>QC_Schefferville</value>
          <display_name>QC_Schefferville</display_name>
        </choice>
        <choice>
          <value>QC_Sept-Iles</value>
          <display_name>QC_Sept-Iles</display_name>
        </choice>
        <choice>
          <value>QC_Val-d-Or</value>
          <display_name>QC_Val-d-Or</display_name>
        </choice>
        <choice>
          <value>SK_Estevan</value>
          <display_name>SK_Estevan</display_name>
        </choice>
        <choice>
          <value>SK_North.Battleford</value>
          <display_name>SK_North.Battleford</display_name>
        </choice>
        <choice>
          <value>SK_Saskatoon</value>
          <display_name>SK_Saskatoon</display_name>
        </choice>
        <choice>
          <value>YT_Whitehorse</value>
          <display_name>YT_Whitehorse</display_name>
        </choice>
      </choices>
    </argument>
    <argument>
      <name>sideload</name>
      <display_name>Check for sideload files (to overwrite standards info)?</display_name>
      <type>Boolean</type>
      <required>true</required>
      <model_dependent>false</model_dependent>
      <default_value>false</default_value>
      <choices>
        <choice>
          <value>true</value>
          <display_name>true</display_name>
        </choice>
        <choice>
          <value>false</value>
          <display_name>false</display_name>
        </choice>
      </choices>
    </argument>
  </arguments>
  <outputs />
  <provenances />
  <tags>
    <tag>Whole Building.Space Types</tag>
  </tags>
  <attributes>
    <attribute>
      <name>Measure Type</name>
      <value>ModelMeasure</value>
      <datatype>string</datatype>
    </attribute>
  </attributes>
  <files>
    <file>
      <filename>README.md.erb</filename>
      <filetype>erb</filetype>
      <usage_type>readmeerb</usage_type>
      <checksum>703C9964</checksum>
    </file>
    <file>
      <filename>BTAPMeasureHelper.rb</filename>
      <filetype>rb</filetype>
      <usage_type>resource</usage_type>
      <checksum>051A9548</checksum>
    </file>
    <file>
      <filename>NRCMeasureHelper.rb</filename>
      <filetype>rb</filetype>
      <usage_type>resource</usage_type>
      <checksum>A42E5E34</checksum>
    </file>
    <file>
      <filename>README.md</filename>
      <filetype>md</filetype>
      <usage_type>readme</usage_type>
      <checksum>996AC6FC</checksum>
    </file>
    <file>
      <filename>test_2011.rb</filename>
      <filetype>rb</filetype>
      <usage_type>test</usage_type>
      <checksum>6D49D30D</checksum>
    </file>
    <file>
      <filename>test_2017.rb</filename>
      <filetype>rb</filetype>
      <usage_type>test</usage_type>
      <checksum>82711769</checksum>
    </file>
    <file>
      <filename>common.rb</filename>
      <filetype>rb</filetype>
      <usage_type>test</usage_type>
      <checksum>63353C0D</checksum>
    </file>
    <file>
      <filename>test_2015.rb</filename>
      <filetype>rb</filetype>
      <usage_type>test</usage_type>
      <checksum>147CF862</checksum>
    </file>
    <file>
      <filename>test_2020.rb</filename>
      <filetype>rb</filetype>
      <usage_type>test</usage_type>
      <checksum>6B7C53AB</checksum>
    </file>
    <file>
      <version>
        <software_program>OpenStudio</software_program>
        <identifier>2.4.1</identifier>
        <min_compatible>2.4.1</min_compatible>
      </version>
      <filename>measure.rb</filename>
      <filetype>rb</filetype>
      <usage_type>script</usage_type>
      <checksum>EDA2C93A</checksum>
    </file>
    <file>
      <filename>regression_models/FullServiceRestaurant-NECB2015-AB_Banff.osm</filename>
      <filetype>osm</filetype>
      <usage_type>test</usage_type>
      <checksum>A1444031</checksum>
    </file>
    <file>
      <filename>regression_models/FullServiceRestaurant-NECB2015-BC_Vancouver.osm</filename>
      <filetype>osm</filetype>
      <usage_type>test</usage_type>
      <checksum>3D2F7532</checksum>
    </file>
    <file>
      <filename>regression_models/FullServiceRestaurant-NECB2015-ON_Toronto.osm</filename>
      <filetype>osm</filetype>
      <usage_type>test</usage_type>
      <checksum>F1F75187</checksum>
    </file>
    <file>
      <filename>regression_models/HighriseApartment-NECB2017-AB_Banff.osm</filename>
      <filetype>osm</filetype>
      <usage_type>test</usage_type>
      <checksum>50052805</checksum>
    </file>
    <file>
      <filename>regression_models/HighriseApartment-NECB2017-NB_Fredericton.osm</filename>
      <filetype>osm</filetype>
      <usage_type>test</usage_type>
      <checksum>7610A596</checksum>
    </file>
    <file>
      <filename>regression_models/HighriseApartment-NECB2017-SK_Saskatoon.osm</filename>
      <filetype>osm</filetype>
      <usage_type>test</usage_type>
      <checksum>D51F1D56</checksum>
    </file>
    <file>
      <filename>regression_models/LargeOffice-NECB2015-AB_Banff.osm</filename>
      <filetype>osm</filetype>
      <usage_type>test</usage_type>
      <checksum>DF9B00A2</checksum>
    </file>
    <file>
      <filename>regression_models/LargeOffice-NECB2015-BC_Vancouver.osm</filename>
      <filetype>osm</filetype>
      <usage_type>test</usage_type>
      <checksum>5FA6D0C5</checksum>
    </file>
    <file>
      <filename>regression_models/LargeOffice-NECB2015-ON_Toronto.osm</filename>
      <filetype>osm</filetype>
      <usage_type>test</usage_type>
      <checksum>A3939CC4</checksum>
    </file>
    <file>
      <filename>regression_models/MediumOffice-NECB2011-AB_Banff.osm</filename>
      <filetype>osm</filetype>
      <usage_type>test</usage_type>
      <checksum>F45BD6D7</checksum>
    </file>
    <file>
      <filename>regression_models/MediumOffice-NECB2011-AB_Edmonton.Intl.osm</filename>
      <filetype>osm</filetype>
      <usage_type>test</usage_type>
      <checksum>267EDB88</checksum>
    </file>
    <file>
      <filename>regression_models/MediumOffice-NECB2011-QC_Montreal-Trudeau.osm</filename>
      <filetype>osm</filetype>
      <usage_type>test</usage_type>
      <checksum>92211DED</checksum>
    </file>
    <file>
      <filename>regression_models/MidriseApartment-NECB2020-AB_Banff.osm</filename>
      <filetype>osm</filetype>
      <usage_type>test</usage_type>
      <checksum>CB019A25</checksum>
    </file>
    <file>
      <filename>regression_models/MidriseApartment-NECB2020-MB_Winnipeg-Richardson.osm</filename>
      <filetype>osm</filetype>
      <usage_type>test</usage_type>
      <checksum>73D8E5FD</checksum>
    </file>
    <file>
      <filename>regression_models/MidriseApartment-NECB2020-NL_St.Johns.osm</filename>
      <filetype>osm</filetype>
      <usage_type>test</usage_type>
      <checksum>EC0097E5</checksum>
    </file>
    <file>
      <filename>regression_models/Outpatient-NECB2015-AB_Banff.osm</filename>
      <filetype>osm</filetype>
      <usage_type>test</usage_type>
      <checksum>46C4B8C1</checksum>
    </file>
    <file>
      <filename>regression_models/Outpatient-NECB2015-BC_Vancouver.osm</filename>
      <filetype>osm</filetype>
      <usage_type>test</usage_type>
      <checksum>20622044</checksum>
    </file>
    <file>
      <filename>regression_models/Outpatient-NECB2015-ON_Toronto.osm</filename>
      <filetype>osm</filetype>
      <usage_type>test</usage_type>
      <checksum>2BF4183E</checksum>
    </file>
    <file>
      <filename>regression_models/PrimarySchool-NECB2011-AB_Banff.osm</filename>
      <filetype>osm</filetype>
      <usage_type>test</usage_type>
      <checksum>0FFAD9E9</checksum>
    </file>
    <file>
      <filename>regression_models/PrimarySchool-NECB2011-AB_Edmonton.Intl.osm</filename>
      <filetype>osm</filetype>
      <usage_type>test</usage_type>
      <checksum>2CBC8A19</checksum>
    </file>
    <file>
      <filename>regression_models/PrimarySchool-NECB2011-QC_Montreal-Trudeau.osm</filename>
      <filetype>osm</filetype>
      <usage_type>test</usage_type>
      <checksum>D5273837</checksum>
    </file>
    <file>
      <filename>regression_models/QuickServiceRestaurant-NECB2017-AB_Banff.osm</filename>
      <filetype>osm</filetype>
      <usage_type>test</usage_type>
      <checksum>284FB2D3</checksum>
    </file>
    <file>
      <filename>regression_models/QuickServiceRestaurant-NECB2017-NB_Fredericton.osm</filename>
      <filetype>osm</filetype>
      <usage_type>test</usage_type>
      <checksum>49A91B89</checksum>
    </file>
    <file>
      <filename>regression_models/QuickServiceRestaurant-NECB2017-SK_Saskatoon.osm</filename>
      <filetype>osm</filetype>
      <usage_type>test</usage_type>
      <checksum>6F190E36</checksum>
    </file>
    <file>
      <filename>regression_models/RetailStandalone-NECB2020-AB_Banff.osm</filename>
      <filetype>osm</filetype>
      <usage_type>test</usage_type>
      <checksum>60CA10E1</checksum>
    </file>
    <file>
      <filename>regression_models/RetailStandalone-NECB2020-MB_Winnipeg-Richardson.osm</filename>
      <filetype>osm</filetype>
      <usage_type>test</usage_type>
      <checksum>E6503012</checksum>
    </file>
    <file>
      <filename>regression_models/RetailStandalone-NECB2020-NL_St.Johns.osm</filename>
      <filetype>osm</filetype>
      <usage_type>test</usage_type>
      <checksum>97150736</checksum>
    </file>
    <file>
      <filename>regression_models/RetailStripmall-NECB2015-AB_Banff.osm</filename>
      <filetype>osm</filetype>
      <usage_type>test</usage_type>
      <checksum>D75942B1</checksum>
    </file>
    <file>
      <filename>regression_models/RetailStripmall-NECB2015-BC_Vancouver.osm</filename>
      <filetype>osm</filetype>
      <usage_type>test</usage_type>
      <checksum>77283A60</checksum>
    </file>
    <file>
      <filename>regression_models/RetailStripmall-NECB2015-ON_Toronto.osm</filename>
      <filetype>osm</filetype>
      <usage_type>test</usage_type>
      <checksum>1B301DBF</checksum>
    </file>
    <file>
      <filename>regression_models/SecondarySchool-NECB2011-AB_Banff.osm</filename>
      <filetype>osm</filetype>
      <usage_type>test</usage_type>
      <checksum>B3B33A80</checksum>
    </file>
    <file>
      <filename>regression_models/SecondarySchool-NECB2011-AB_Edmonton.Intl.osm</filename>
      <filetype>osm</filetype>
      <usage_type>test</usage_type>
      <checksum>75BADE9F</checksum>
    </file>
    <file>
      <filename>regression_models/SecondarySchool-NECB2011-QC_Montreal-Trudeau.osm</filename>
      <filetype>osm</filetype>
      <usage_type>test</usage_type>
      <checksum>BB14F27A</checksum>
    </file>
    <file>
      <filename>regression_models/SmallHotel-NECB2011-AB_Banff.osm</filename>
      <filetype>osm</filetype>
      <usage_type>test</usage_type>
      <checksum>DE8A561B</checksum>
    </file>
    <file>
      <filename>regression_models/SmallHotel-NECB2011-AB_Edmonton.Intl.osm</filename>
      <filetype>osm</filetype>
      <usage_type>test</usage_type>
      <checksum>9CA2E7F4</checksum>
    </file>
    <file>
      <filename>regression_models/SmallHotel-NECB2011-QC_Montreal-Trudeau.osm</filename>
      <filetype>osm</filetype>
      <usage_type>test</usage_type>
      <checksum>0FC7FFF1</checksum>
    </file>
    <file>
      <filename>regression_models/SmallOffice-NECB2011-AB_Banff.osm</filename>
      <filetype>osm</filetype>
      <usage_type>test</usage_type>
      <checksum>09F84FB9</checksum>
    </file>
    <file>
      <filename>regression_models/SmallOffice-NECB2011-AB_Edmonton.Intl.osm</filename>
      <filetype>osm</filetype>
      <usage_type>test</usage_type>
      <checksum>B2B95F34</checksum>
    </file>
    <file>
      <filename>regression_models/SmallOffice-NECB2011-QC_Montreal-Trudeau.osm</filename>
      <filetype>osm</filetype>
      <usage_type>test</usage_type>
      <checksum>AAF25F0D</checksum>
    </file>
    <file>
      <filename>regression_models/Warehouse-NECB2011-AB_Banff.osm</filename>
      <filetype>osm</filetype>
      <usage_type>test</usage_type>
      <checksum>CE4F631B</checksum>
    </file>
    <file>
      <filename>regression_models/Warehouse-NECB2011-AB_Edmonton.Intl.osm</filename>
      <filetype>osm</filetype>
      <usage_type>test</usage_type>
      <checksum>966897C8</checksum>
    </file>
    <file>
      <filename>regression_models/Warehouse-NECB2011-QC_Montreal-Trudeau.osm</filename>
      <filetype>osm</filetype>
      <usage_type>test</usage_type>
      <checksum>690A6399</checksum>
    </file>
    <file>
      <filename>regression_models/Warehouse-NECB2015-AB_Banff.osm</filename>
      <filetype>osm</filetype>
      <usage_type>test</usage_type>
      <checksum>089AE190</checksum>
    </file>
    <file>
      <filename>regression_models/Warehouse-NECB2015-BC_Vancouver.osm</filename>
      <filetype>osm</filetype>
      <usage_type>test</usage_type>
      <checksum>F1919DBB</checksum>
    </file>
    <file>
      <filename>regression_models/Warehouse-NECB2015-ON_Toronto.osm</filename>
      <filetype>osm</filetype>
      <usage_type>test</usage_type>
      <checksum>C914AFDF</checksum>
    </file>
    <file>
      <filename>regression_models/Warehouse-NECB2017-AB_Banff.osm</filename>
      <filetype>osm</filetype>
      <usage_type>test</usage_type>
      <checksum>819B771B</checksum>
    </file>
    <file>
      <filename>regression_models/Warehouse-NECB2017-NB_Fredericton.osm</filename>
      <filetype>osm</filetype>
      <usage_type>test</usage_type>
      <checksum>13773433</checksum>
    </file>
    <file>
      <filename>regression_models/Warehouse-NECB2017-SK_Saskatoon.osm</filename>
      <filetype>osm</filetype>
      <usage_type>test</usage_type>
      <checksum>4B281FC6</checksum>
    </file>
    <file>
      <filename>regression_models/Warehouse-NECB2020-AB_Banff.osm</filename>
      <filetype>osm</filetype>
      <usage_type>test</usage_type>
      <checksum>7A05BF64</checksum>
    </file>
    <file>
      <filename>regression_models/Warehouse-NECB2020-MB_Winnipeg-Richardson.osm</filename>
      <filetype>osm</filetype>
      <usage_type>test</usage_type>
      <checksum>33527303</checksum>
    </file>
    <file>
      <filename>regression_models/Warehouse-NECB2020-NL_St.Johns.osm</filename>
      <filetype>osm</filetype>
      <usage_type>test</usage_type>
      <checksum>0D7DA1CD</checksum>
    </file>
    <file>
      <filename>data_sideload/test.txt</filename>
      <filetype>txt</filetype>
      <usage_type>resource</usage_type>
      <checksum>D3368658</checksum>
    </file>
  </files>
</measure>
